first_node_id,second_node_id,first_frame_id,second_frame_id,frame_gap,position_distance
13,164,390,4920,4530,0.032858242107448324
12,165,360,4950,4590,0.033704764759253256
221,240,6630,7200,570,0.042669433686183166
245,261,7350,7830,480,0.04305831862647385
177,325,5310,9744,4434,0.05104834970074352
22,143,660,4290,3630,0.056907784675407164
16,161,480,4830,4350,0.07167527716479713
177,324,5310,9720,4410,0.07395533290337553
1,171,30,5130,5100,0.07521354124890742
248,259,7440,7770,330,0.08797474229973912
0,171,0,5130,5130,0.08947358240603616
187,313,5610,9390,3780,0.09871490802384639
22,190,660,5700,5040,0.10016416212118175
11,166,330,4980,4650,0.10614370055856594
24,192,720,5760,5040,0.11329859441942666
117,137,3510,4110,600,0.11527374448653373
118,136,3540,4080,540,0.11641592500576899
87,104,2610,3120,510,0.11788329851855073
23,191,690,5730,5040,0.12046030464170332
183,317,5490,9510,4020,0.12347737723857846
25,193,750,5790,5040,0.12384248613270105
300,311,9000,9330,330,0.127720639302459
21,298,630,8940,8310,0.12817461398043528
86,105,2580,3150,570,0.13068372765549047
146,157,4380,4710,330,0.1307117956429998
15,162,450,4860,4410,0.1334252650449584
143,190,4290,5700,1410,0.1347441322529703
301,310,9030,9300,270,0.13613439521814308
26,194,780,5820,5040,0.13928688356433086
2,171,60,5130,5070,0.13956043093570683
17,314,510,9420,8910,0.1407916116629472
246,260,7380,7800,420,0.14204547820454685
89,103,2670,3090,420,0.1424564843065813
12,182,360,5460,5100,0.1432220669020847
119,135,3570,4050,480,0.1449030399011379
147,157,4410,4710,300,0.14493217490119195
17,160,510,4800,4290,0.14574888950139045
191,297,5730,8910,3180,0.1468366433664434
21,144,630,4320,3690,0.14853179323289467
18,160,540,4800,4260,0.14873539238850353
184,316,5520,9480,3960,0.1502974688296099
55,80,1650,2400,750,0.15079710126293322
52,84,1560,2520,960,0.15133784910762946
54,82,1620,2460,840,0.1545851691490171
18,187,540,5610,5070,0.1578755025458419
162,315,4860,9450,4590,0.15996045666220005
138,294,4140,8820,4680,0.16019868134889886
165,182,4950,5460,510,0.16026100789188014
19,188,570,5640,5070,0.16071018450324565
2,172,60,5160,5100,0.16111409788412592
10,167,300,5010,4710,0.16264237351109817
55,81,1650,2430,780,0.16358409726501202
22,298,660,8940,8280,0.16718283070541226
142,297,4260,8910,4650,0.16773441822380053
23,297,690,8910,8220,0.16863792191105587
189,299,5670,8970,3300,0.17157310218973643
126,285,3780,8550,4770,0.17218023887891412
53,83,1590,2490,900,0.17256259224393172
84,218,2520,6540,4020,0.1739405617545138
18,313,540,9390,8850,0.1744270719575928
49,107,1470,3210,1740,0.17448946803625012
43,210,1290,6300,5010,0.17465549194111699
135,291,4050,8730,4680,0.1766749498389922
127,285,3810,8550,4740,0.17679558363012574
144,299,4320,8970,4650,0.17787480202278824
116,293,3480,8790,5310,0.17984911367995088
177,323,5310,9690,4380,0.1798549875456085
42,209,1260,6270,5010,0.18235494586182235
190,298,5700,8940,3240,0.18281644545009787
186,314,5580,9420,3840,0.18303047582186277
13,183,390,5490,5100,0.18321336387201215
219,243,6570,7290,720,0.1834273926942485
83,219,2490,6570,4080,0.18376591734188286
159,187,4770,5610,840,0.18445807064654615
163,316,4890,9480,4590,0.18470771135995437
88,103,2640,3090,450,0.1869163121575064
137,293,4110,8790,4680,0.18796887870685733
101,258,3030,7740,4710,0.1888673353741673
143,298,4290,8940,4650,0.18924926875023299
247,260,7410,7800,390,0.18977808906625004
144,189,4320,5670,1350,0.1900441965741791
146,158,4380,4740,360,0.19029571228698483
6,325,180,9744,9564,0.1929280181902462
54,81,1620,2430,810,0.19311115621423877
150,304,4500,9120,4620,0.19375162660579756
41,208,1230,6240,5010,0.19458223365073718
188,312,5640,9360,3720,0.19582246021740252
161,186,4830,5580,750,0.19606662649770376
116,272,3480,8160,4680,0.1969127951633306
122,278,3660,8340,4680,0.19691916939879317
20,189,600,5670,5070,0.19711525352832263
120,290,3600,8700,5100,0.19815298714804874
150,305,4500,9150,4650,0.19850761825128627
139,295,4170,8850,4680,0.1992488351280019
15,315,450,9450,9000,0.19955929062002456
116,138,3480,4140,660,0.20014724212287366
118,291,3540,8730,5190,0.20092526358333176
150,306,4500,9180,4680,0.20127744459937325
90,102,2700,3060,360,0.20155034394734786
119,275,3570,8250,4680,0.20161190794825234
164,183,4920,5490,570,0.201666137499812
220,241,6600,7230,630,0.2017614747441227
123,279,3690,8370,4680,0.20186038512662619
88,104,2640,3120,480,0.20260199941704968
117,273,3510,8190,4680,0.20318009634463544
148,302,4440,9060,4620,0.20347230601075017
1,172,30,5160,5130,0.204606401402095
157,301,4710,9030,4320,0.20469308279984058
20,144,600,4320,3720,0.20515934392113844
4,176,120,5280,5160,0.20526360391985624
247,259,7410,7770,360,0.20586311015914915
118,274,3540,8220,4680,0.2070146342943866
5,176,150,5280,5130,0.20707708156030166
176,325,5280,9744,4464,0.20798104159059322
273,293,8190,8790,600,0.20805158948441146
160,186,4800,5580,780,0.20865377181509984
50,106,1500,3180,1680,0.20909925724576703
121,277,3630,8310,4680,0.2091662084610466
21,189,630,5670,5040,0.20940676473935999
151,305,4530,9150,4620,0.20943036161093465
218,243,6540,7290,750,0.20982061024138307
27,195,810,5850,5040,0.21046945202786688
44,211,1320,6330,5010,0.2111382454373759
249,258,7470,7740,270,0.21227738531124674
117,292,3510,8760,5250,0.21303390013752385
4,325,120,9744,9624,0.21351723079502935
145,311,4350,9330,4980,0.21418480653738844
36,204,1080,6120,5040,0.21433921127802805
120,276,3600,8280,4680,0.21448569361867095
3,174,90,5220,5130,0.21492728082633514
89,102,2670,3060,390,0.21526511272523838
17,161,510,4830,4320,0.21535794380102355
136,292,4080,8760,4680,0.21557904818246948
182,317,5460,9510,4050,0.21594164318085882
19,313,570,9390,8820,0.21629011119334804
7,323,210,9690,9480,0.21663695159899263
274,291,8220,8730,510,0.21720105704501685
185,315,5550,9450,3900,0.21766152873481137
7,325,210,9744,9534,0.2183173008618108
8,169,240,5070,4830,0.21833255613076388
8,321,240,9630,9390,0.21836181601959787
17,186,510,5580,5070,0.21847243189755863
3,176,90,5280,5190,0.21876630522368606
160,314,4800,9420,4620,0.21886168935060904
160,187,4800,5610,810,0.21902295591955223
147,301,4410,9030,4620,0.2200658835349783
6,177,180,5310,5130,0.22064204410742774
87,261,2610,7830,5220,0.22087041253920603
159,312,4770,9360,4590,0.22167946272797492
84,243,2520,7290,4770,0.22186714194929086
276,290,8280,8700,420,0.221896843098781
83,242,2490,7260,4770,0.22197268857615476
220,242,6600,7260,660,0.2220944216418976
115,271,3450,8130,4680,0.2236780399587237
9,168,270,5040,4770,0.22385144176679453
148,309,4440,9270,4830,0.22457706390662524
7,324,210,9720,9510,0.22548938635013438
158,311,4740,9330,4590,0.22554890650167114
117,293,3510,8790,5280,0.22633051095308684
101,257,3030,7710,4680,0.22659499477080225
88,260,2640,7800,5160,0.2269514075133288
5,174,150,5220,5070,0.22696059694379536
4,174,120,5220,5100,0.22703910862185384
183,316,5490,9480,3990,0.22708610477045615
26,193,780,5790,5010,0.22724640831148632
0,170,0,5100,5100,0.22760657815452195
149,308,4470,9240,4770,0.22872656062610047
86,244,2580,7320,4740,0.22886999720998788
147,302,4410,9060,4650,0.22887889105344383
300,310,9000,9300,300,0.22919103261501458
101,249,3030,7470,4440,0.22945519052201155
219,242,6570,7260,690,0.22992160794906694
3,325,90,9744,9654,0.23023973936619557
51,84,1530,2520,990,0.23089232465571796
126,284,3780,8520,4740,0.23120119829412733
24,191,720,5730,5010,0.231283028267609
137,273,4110,8190,4080,0.23131271353515243
119,291,3570,8730,5160,0.2313197152753848
152,306,4560,9180,4620,0.23162632993620694
6,176,180,5280,5100,0.2318598816577689
5,175,150,5250,5100,0.232033232003837
161,314,4830,9420,4590,0.23211119379223077
169,321,5070,9630,4560,0.23338945315062581
145,158,4350,4740,390,0.2338937877029804
16,314,480,9420,8940,0.23411769478122718
7,177,210,5310,5100,0.23431385526964138
176,324,5280,9720,4440,0.2356126384261739
275,291,8250,8730,480,0.23566519219430385
92,251,2760,7530,4770,0.23590955187452395
127,286,3810,8580,4770,0.2370565852090504
162,185,4860,5550,690,0.237389854496887
302,310,9060,9300,240,0.2378529663193848
28,196,840,5880,5040,0.23791594102478725
276,289,8280,8670,390,0.23826216218407467
114,270,3420,8100,4680,0.2383281992683301
91,100,2730,3000,270,0.23848455121330817
151,306,4530,9180,4650,0.2385967365052892
274,292,8220,8760,540,0.23931827083855695
23,142,690,4260,3570,0.23937514963349033
188,313,5640,9390,3750,0.2397160226756901
149,307,4470,9210,4740,0.24022016755595893
149,303,4470,9090,4620,0.24062523048279466
29,197,870,5910,5040,0.24112349126601018
21,143,630,4290,3660,0.24223243091396743
13,317,390,9510,9120,0.2424280405845094
27,194,810,5820,5010,0.24251077763502596
118,135,3540,4050,510,0.24263498983809478
37,205,1110,6150,5040,0.24267850075732755
80,221,2400,6630,4230,0.24323800511297475
5,325,150,9744,9594,0.2441099362252419
106,217,3180,6510,3330,0.24423131707365053
0,172,0,5160,5160,0.24448041475965185
28,195,840,5850,5010,0.24699560502950527
40,207,1200,6210,5010,0.24729822139057517
273,292,8190,8760,570,0.2476607573172208
53,82,1590,2460,870,0.24769335458587277
272,293,8160,8790,630,0.24826133171555767
146,300,4380,9000,4620,0.24847652587995386
275,290,8250,8700,450,0.24872834491464718
119,290,3570,8700,5130,0.2490896528175356
30,197,900,5910,5010,0.2493706850195714
16,186,480,5580,5100,0.2495936832917732
18,159,540,4770,4230,0.24972188239680834
3,173,90,5190,5100,0.2499771272569922
6,324,180,9720,9540,0.25009295989499447
190,297,5700,8910,3210,0.25063306052582984
10,319,300,9570,9270,0.2509774533856883
85,105,2550,3150,600,0.2510694799761421
159,313,4770,9390,4620,0.2511573716957062
161,185,4830,5550,720,0.2514923494128816
91,250,2730,7500,4770,0.25150298794407716
25,192,750,5760,5010,0.25159743971130877
136,274,4080,8220,4140,0.2518186401500623
4,175,120,5250,5130,0.2518630012499746
38,206,1140,6180,5040,0.2518838252219473
4,177,120,5310,5190,0.2519960209763422
85,218,2550,6540,3990,0.2520744280819813
145,312,4350,9360,5010,0.2522013165422119
147,310,4410,9300,4890,0.25237688178937673
168,320,5040,9600,4560,0.25247691041627285
16,315,480,9450,8970,0.25266375576654293
182,318,5460,9540,4080,0.2527581811727655
187,312,5610,9360,3750,0.25366786954786397
9,320,270,9600,9330,0.254676960058007
87,245,2610,7350,4740,0.25481013666824465
90,249,2700,7470,4770,0.25524669885138596
148,308,4440,9240,4800,0.25572863740102275
272,294,8160,8820,660,0.25680494142731436
31,198,930,5940,5010,0.257350597048353
102,248,3060,7440,4380,0.2577892827861082
118,292,3540,8760,5220,0.2584324333172068
121,289,3630,8670,5040,0.2585885763764496
2,173,60,5190,5130,0.25874891529699245
189,298,5670,8940,3270,0.2594371283812626
7,322,210,9660,9450,0.2594963355654145
20,188,600,5640,5040,0.25998160656147007
19,187,570,5610,5040,0.2604066340586403
91,101,2730,3030,300,0.26116447476095617
147,156,4410,4680,270,0.2611662004717225
146,311,4380,9330,4950,0.2612029430445348
19,159,570,4770,4200,0.2618268061623681
1,170,30,5100,5070,0.26211087702423125
89,259,2670,7770,5100,0.26227816604869686
165,317,4950,9510,4560,0.26234136616932685
3,324,90,9720,9630,0.2625030446832969
20,299,600,8970,8370,0.26303410689807355
164,317,4920,9510,4590,0.26308936018850054
163,184,4890,5520,630,0.2632878306708588
37,204,1110,6120,5010,0.26368917030153394
4,324,120,9720,9600,0.2637024376347197
157,310,4710,9300,4590,0.2637024774778565
54,220,1620,6600,4980,0.26378748460275353
146,301,4380,9030,4650,0.2638185174012174
152,305,4560,9150,4590,0.26382510635885736
23,190,690,5700,5010,0.2638725297116984
13,163,390,4890,4500,0.264242982817633
144,298,4320,8940,4620,0.26424365925086396
98,254,2940,7620,4680,0.2646760254423703
125,284,3750,8520,4770,0.26473868124271743
100,256,3000,7680,4680,0.26479511684416024
92,100,2760,3000,240,0.2650469849787529
105,244,3150,7320,4170,0.26586482365561975
277,288,8310,8640,330,0.26599693045393547
19,312,570,9360,8790,0.26632396834642547
142,191,4260,5730,1470,0.2665514821011361
277,289,8310,8670,360,0.2675871241425939
102,259,3060,7770,4710,0.2679916543675956
81,241,2430,7230,4800,0.2685570420320724
153,303,4590,9090,4500,0.26943129177575403
55,221,1650,6630,4980,0.26950301418269984
107,215,3210,6450,3240,0.26951032762435273
135,275,4050,8250,4200,0.2700823691019631
3,175,90,5250,5160,0.2704276216179449
13,316,390,9480,9090,0.27045865262721425
45,212,1350,6360,5010,0.2716535813297745
152,304,4560,9120,4560,0.2724808775997355
52,83,1560,2490,930,0.27262514490298073
161,315,4830,9450,4620,0.27303102505454435
248,258,7440,7740,300,0.2740025173604272
36,203,1080,6090,5010,0.27447318941299437
11,181,330,5430,5100,0.2745865735003276
5,177,150,5310,5160,0.2746552511079162
16,162,480,4860,4380,0.2752626268525989
138,272,4140,8160,4020,0.27531994694911294
12,317,360,9510,9150,0.2754293674808785
7,178,210,5340,5130,0.27557787423435537
113,269,3390,8070,4680,0.2773181534334256
18,314,540,9420,8880,0.27735671892663866
21,299,630,8970,8340,0.2778679162684909
29,196,870,5880,5010,0.2778847357017908
170,322,5100,9660,4560,0.2783625321816611
15,163,450,4890,4440,0.2787440344406188
3,177,90,5310,5220,0.2788583708910917
167,319,5010,9570,4560,0.2789444576357079
145,299,4350,8970,4620,0.27956162769875414
101,250,3030,7500,4470,0.27971857057803345
14,163,420,4890,4470,0.27976979893380766
11,318,330,9540,9210,0.27999775657679926
246,261,7380,7830,450,0.2802842589264156
30,198,900,5940,5040,0.28067559024457384
160,313,4800,9390,4590,0.2808372058437338
164,316,4920,9480,4560,0.28162342488694914
50,217,1500,6510,5010,0.2817385273610634
3,323,90,9690,9600,0.28186116775698794
166,318,4980,9540,4560,0.28189132829172664
221,241,6630,7230,600,0.2819305331231832
6,174,180,5220,5040,0.28196688880156195
80,240,2400,7200,4800,0.28238698346494046
150,307,4500,9210,4710,0.282595801152177
89,248,2670,7440,4770,0.2826089855961181
3,172,90,5160,5070,0.28277100041597203
148,303,4440,9090,4650,0.28366425879383544
99,254,2970,7620,4650,0.2839651276469748
82,242,2460,7260,4800,0.2855278151443782
151,304,4530,9120,4590,0.28577280897207163
83,243,2490,7290,4800,0.2861356910367781
53,219,1590,6570,4980,0.2862478478812716
21,190,630,5700,5070,0.28627495924833146
103,247,3090,7410,4320,0.28701340393759517
117,136,3510,4080,570,0.28747287743049205
42,208,1260,6240,4980,0.28806472289193713
85,244,2550,7320,4770,0.28856669684397146
56,222,1680,6660,4980,0.28883869736833145
47,213,1410,6390,4980,0.2888522168867964
153,307,4590,9210,4620,0.2890211774188203
16,185,480,5550,5070,0.2890995303405086
93,251,2790,7530,4740,0.29099776373816744
124,280,3720,8400,4680,0.29124350746700206
6,175,180,5250,5070,0.2915555310156007
101,256,3030,7680,4650,0.29191014575524143
154,303,4620,9090,4470,0.29272401208276394
46,213,1380,6390,5010,0.2928943934409755
116,294,3480,8820,5340,0.2928979530019489
134,290,4020,8700,4680,0.29373518440417334
48,215,1440,6450,5010,0.2942670785219611
301,309,9030,9270,240,0.2953250201103432
145,300,4350,9000,4650,0.2957102296671234
89,247,2670,7410,4740,0.29619286705887454
140,295,4200,8850,4650,0.29652495310969107
115,294,3450,8820,5370,0.29664672527299096
4,173,120,5190,5070,0.297474844031713
178,324,5340,9720,4380,0.29772635944305326
2,174,60,5220,5160,0.29793195249763926
0,323,0,9690,9690,0.29797721877274663
146,310,4380,9300,4920,0.29800973615291687
5,324,150,9720,9570,0.2989731032839845
92,250,2760,7500,4740,0.29901336091821346
178,325,5340,9744,4404,0.29970541955212526
120,289,3600,8670,5070,0.2998714711213963
119,134,3570,4020,450,0.3000064802797296
92,255,2760,7650,4890,0.300204506685608
124,282,3720,8460,4740,0.30062648163924355
82,220,2460,6600,4140,0.3007611666547336
185,316,5550,9480,3930,0.30095686437911073
56,80,1680,2400,720,0.30107683337372365
152,307,4560,9210,4650,0.30109254603128227
158,300,4740,9000,4260,0.30116654653777214
126,286,3780,8580,4800,0.30292011477488096
149,304,4470,9120,4650,0.30296208632804783
244,261,7320,7830,510,0.30358513842649626
86,261,2580,7830,5250,0.30408373812906686
100,255,3000,7650,4650,0.30408987952265404
112,268,3360,8040,4680,0.30446354313059765
162,316,4860,9480,4620,0.304601630185479
143,297,4290,8910,4620,0.30544453517338543
138,293,4140,8790,4650,0.30560954144253927
22,297,660,8910,8250,0.30581060419280187
176,323,5280,9690,4410,0.30671594244022504
125,285,3750,8550,4800,0.30673080392498053
49,216,1470,6480,5010,0.30679821466561435
100,250,3000,7500,4500,0.3072728928716739
5,173,150,5190,5040,0.3073728792725532
55,240,1650,7200,5550,0.3091535597087545
46,212,1380,6360,4980,0.3096968731063544
90,248,2700,7440,4740,0.3096997629068679
23,143,690,4290,3600,0.3098359787382427
53,242,1590,7260,5670,0.30985232424642695
124,281,3720,8430,4710,0.31003074440671696
139,294,4170,8820,4650,0.31006429513176514
2,323,60,9690,9630,0.31017202179446507
104,260,3120,7800,4680,0.3102184284965237
84,219,2520,6570,4050,0.31031779759542305
174,325,5220,9744,4524,0.31050084957056906
12,318,360,9540,9180,0.3111993190186051
51,85,1530,2550,1020,0.31159466158017507
216,263,6480,7890,1410,0.31194235104325946
148,310,4440,9300,4860,0.3121168399354972
110,267,3300,8010,4710,0.3122121756434399
111,268,3330,8040,4710,0.31235328807685026
51,218,1530,6540,5010,0.31265157962151285
99,255,2970,7650,4680,0.31283642559038183
31,199,930,5970,5040,0.31291002089944336
136,291,4080,8730,4650,0.31383564710356504
50,216,1500,6480,4980,0.3139697538108727
156,302,4680,9060,4380,0.31415186170074005
45,211,1350,6330,4980,0.31415833917802616
48,107,1440,3210,1770,0.31434713151424165
137,292,4110,8760,4650,0.3144663867768613
177,322,5310,9660,4350,0.3145917987805169
49,215,1470,6450,4980,0.31485633101676214
1,323,30,9690,9660,0.3151870046702987
79,239,2370,7170,4800,0.31594631155119846
88,247,2640,7410,4770,0.31610501570646304
4,323,120,9690,9570,0.31634706311673816
43,209,1290,6270,4980,0.3165197211990456
14,164,420,4920,4500,0.3168275616706415
6,323,180,9690,9510,0.3169660483113654
58,224,1740,6720,4980,0.31721560992926784
103,260,3090,7800,4710,0.3173579584201687
81,220,2430,6600,4170,0.31748397295768205
48,214,1440,6420,4980,0.3179643597056279
106,216,3180,6480,3300,0.3179890433678666
11,319,330,9570,9240,0.3180762721297816
87,246,2610,7380,4770,0.31868184953220197
157,300,4710,9000,4290,0.3187874146468501
299,311,8970,9330,360,0.3188315544656331
104,261,3120,7830,4710,0.31901442132054286
116,137,3480,4110,630,0.3193386303613656
52,218,1560,6540,4980,0.31970906465463894
88,246,2640,7380,4740,0.3209054723220158
98,253,2940,7590,4650,0.32091845504993066
20,145,600,4350,3750,0.32100388398519464
107,216,3210,6480,3270,0.3210626730263665
35,203,1050,6090,5040,0.3213890085979068
159,188,4770,5640,870,0.3214509949518395
57,223,1710,6690,4980,0.3215649301936576
0,322,0,9660,9660,0.3215739294886412
158,312,4740,9360,4620,0.3218758756168247
41,207,1230,6210,4980,0.32210919626283596
91,249,2730,7470,4740,0.32213403088096304
17,187,510,5610,5100,0.3222534793013811
52,85,1560,2550,990,0.3226070287987034
44,210,1320,6300,4980,0.322703400779996
108,265,3240,7950,4710,0.3228216668811703
157,302,4710,9060,4350,0.3228825731889508
149,309,4470,9270,4800,0.32294316003475343
13,165,390,4950,4560,0.3231842092889053
85,243,2550,7290,4740,0.32334600814720205
87,105,2610,3150,540,0.3236925782958365
121,288,3630,8640,5010,0.32411323722702734
25,194,750,5820,5070,0.32431279907908583
147,309,4410,9270,4860,0.3243864276878164
142,190,4260,5700,1440,0.32551219742139
162,184,4860,5520,660,0.32573058611792516
71,232,2130,6960,4830,0.3261698680767166
167,320,5010,9600,4590,0.32634963422559676
145,188,4350,5640,1290,0.326484413903655
105,261,3150,7830,4680,0.3265741367880978
8,322,240,9660,9420,0.32704929652653464
54,241,1620,7230,5610,0.32716293964732734
47,214,1410,6420,5010,0.327211571499854
72,233,2160,6990,4830,0.32849919260874616
16,160,480,4800,4320,0.3289741111060074
141,296,4230,8880,4650,0.32921006204491104
3,171,90,5130,5040,0.3294365093763918
86,104,2580,3120,540,0.32959309970031647
175,325,5250,9744,4494,0.329756462218154
105,262,3150,7860,4710,0.3302026076868512
153,308,4590,9240,4650,0.33052137048620633
187,314,5610,9420,3810,0.3307892282842275
112,269,3360,8070,4710,0.3308951705253795
109,266,3270,7980,4710,0.3312981264770057
163,183,4890,5490,600,0.3313864457524995
1,173,30,5190,5160,0.33198805951591975
2,170,60,5100,5040,0.33201526402804565
9,321,270,9630,9360,0.33223002438573385
128,286,3840,8580,4740,0.33228327797282503
22,142,660,4260,3600,0.33269647307308226
148,301,4440,9030,4590,0.33304948594355915
70,230,2100,6900,4800,0.33371423835512265
81,221,2430,6630,4200,0.33394268957793954
93,252,2790,7560,4770,0.33408716864299254
2,176,60,5280,5220,0.33424110741269913
163,315,4890,9450,4560,0.33451742667201684
148,156,4440,4680,240,0.3346326274345794
165,318,4950,9540,4590,0.3349093473244055
104,246,3120,7380,4260,0.3351124835958556
154,308,4620,9240,4620,0.33562580807906245
165,183,4950,5490,540,0.33621561876095296
174,324,5220,9720,4500,0.33727656946140144
